"annotation_id","annotator","captured_at","choice","created_at","date_str","frame_id","gps_info.latitude","gps_info.longitude","h3_index_res06","id","image","image_idx","lead_time","sensor_id","updated_at"
32828,"1",1696023796929,"Level 0: 0cm","2026-01-11T15:32:25.025848Z","2023-09-29","c07b2ee22b0f63d21c48a32536ff12a0",40.701513,-73.948658,604222325151236095,212841,"/data/local-files/?d=/share/ju/nexar_data/2023/2023-09-29/604222325151236095/frames/c07b2ee22b0f63d21c48a32536ff12a0.jpg",681756,4.511,"simply_half_monkey","2026-01-11T15:32:25.025860Z"
32829,"1",1696019590047,"Level 0: 0cm","2026-01-11T15:32:51.058299Z","2023-09-29","fd8a1c1afef846d0a4de6393561b002d",40.833707,-73.883256,604222324345929727,212842,"/data/local-files/?d=/share/ju/nexar_data/2023/2023-09-29/604222324345929727/frames/fd8a1c1afef846d0a4de6393561b002d.jpg",157047,31.108999999999998,"slowly_fast_sawfly","2026-01-11T15:33:25.208851Z"
32830,"1",1695999325474,"Level 0: 0cm","2026-01-11T15:33:00.983029Z","2023-09-29","cfea3d6c92657014a1fc08c1418a8b64",40.833602,-73.883346,604222324345929727,212843,"/data/local-files/?d=/share/ju/nexar_data/2023/2023-09-29/604222324345929727/frames/cfea3d6c92657014a1fc08c1418a8b64.jpg",157100,10.904,"slowly_fast_sawfly","2026-01-11T15:33:27.969353Z"
32831,"1",1696020117586,"Level 0: 0cm","2026-01-11T15:33:04.432898Z","2023-09-29","c92502978a822299f70c1c45c82add62",40.675949,-73.983952,604222353471176703,212844,"/data/local-files/?d=/share/ju/nexar_data/2023/2023-09-29/604222353471176703/frames/c92502978a822299f70c1c45c82add62.jpg",820996,3.172,"daily_gentle_beetle","2026-01-11T15:33:04.432919Z"
32832,"1",1695987160393,"Level 0: 0cm","2026-01-11T15:33:08.668361Z","2023-09-29","9dd1c0642c3563b57a5785098caea182",40.699277,-73.960638,604222325151236095,212845,"/data/local-files/?d=/share/ju/nexar_data/2023/2023-09-29/604222325151236095/frames/9dd1c0642c3563b57a5785098caea182.jpg",668642,3.935,"light_maroon_penguin","2026-01-11T15:33:08.668382Z"
32833,"1",1696004000322,"Level 0: 0cm","2026-01-11T15:33:13.633162Z","2023-09-29","60339ae2bf2af1f9f7ed3d027c1c703b",40.695663,-73.788482,604222325419671551,212846,"/data/local-files/?d=/share/ju/nexar_data/2023/2023-09-29/604222325419671551/frames/60339ae2bf2af1f9f7ed3d027c1c703b.jpg",271566,4.618,"gladly_pretty_magpie","2026-01-11T15:33:13.633184Z"
32834,"1",1696008030021,"Level 0: 0cm","2026-01-11T15:33:40.180891Z","2023-09-29","7bbebbbabd7a662a28a5cd1bed441114",40.699532,-73.95908,604222325151236095,212847,"/data/local-files/?d=/share/ju/nexar_data/2023/2023-09-29/604222325151236095/frames/7bbebbbabd7a662a28a5cd1bed441114.jpg",672719,9.843,"total_melt_deer","2026-01-11T15:33:40.180903Z"
32835,"1",1695998297816,"Level 0: 0cm","2026-01-11T15:33:42.828293Z","2023-09-29","9188ac27160cefb2dc36394576a08f53",40.641076,-73.959294,604222353202741247,212848,"/data/local-files/?d=/share/ju/nexar_data/2023/2023-09-29/604222353202741247/frames/9188ac27160cefb2dc36394576a08f53.jpg",731124,2.287,"wholly_fast_colt","2026-01-11T15:33:42.828314Z"
32836,"1",1696015477471,"Level 0: 0cm","2026-01-11T15:33:45.366794Z","2023-09-29","1063f9d2872118166a5f363441ef1eb4",40.676182,-73.983973,604222353471176703,212849,"/data/local-files/?d=/share/ju/nexar_data/2023/2023-09-29/604222353471176703/frames/1063f9d2872118166a5f363441ef1eb4.jpg",821015,2.254,"weekly_poetic_guinea","2026-01-11T15:33:45.366815Z"
32837,"1",1696022225026,"Level 0: 0cm","2026-01-11T15:33:47.097496Z","2023-09-29","a38d0efb3e0d35e26e86e8cbc70aed26",40.641084,-73.959295,604222353202741247,212850,"/data/local-files/?d=/share/ju/nexar_data/2023/2023-09-29/604222353202741247/frames/a38d0efb3e0d35e26e86e8cbc70aed26.jpg",731073,1.428,"wholly_fast_colt","2026-01-11T15:33:47.097517Z"
32838,"1",1696005859015,"Level 0: 0cm","2026-01-11T15:33:49.111858Z","2023-09-29","7f95192f0364dbd758e1c5bea2b33d06",40.679717,-74.012268,604222352263217151,212851,"/data/local-files/?d=/share/ju/nexar_data/2023/2023-09-29/604222352263217151/frames/7f95192f0364dbd758e1c5bea2b33d06.jpg",802916,1.741,"gladly_mint_snail","2026-01-11T15:33:49.111879Z"
32839,"1",1696012541987,"Level 0: 0cm","2026-01-11T15:33:51.760254Z","2023-09-29","5050396ff4ce19986bdba2a23a43860d",40.711114,-73.77781,604222325419671551,212852,"/data/local-files/?d=/share/ju/nexar_data/2023/2023-09-29/604222325419671551/frames/5050396ff4ce19986bdba2a23a43860d.jpg",262132,2.341,"yearly_frank_mullet","2026-01-11T15:33:51.760276Z"
32840,"1",1696023786929,"Level 0: 0cm","2026-01-11T15:33:53.067308Z","2023-09-29","2cd58636b2bedcc41e42fd69c34c490c",40.70155,-73.948699,604222325151236095,212853,"/data/local-files/?d=/share/ju/nexar_data/2023/2023-09-29/604222325151236095/frames/2cd58636b2bedcc41e42fd69c34c490c.jpg",681757,1.005,"simply_half_monkey","2026-01-11T15:33:53.067330Z"
32841,"1",1695993003424,"Level 0: 0cm","2026-01-11T15:33:56.407409Z","2023-09-29","a270242f64b5bedc5e390a42a365ce79",40.697408,-73.794537,604222325419671551,212854,"/data/local-files/?d=/share/ju/nexar_data/2023/2023-09-29/604222325419671551/frames/a270242f64b5bedc5e390a42a365ce79.jpg",237922,3.049,"mildly_loving_doe","2026-01-11T15:33:56.407431Z"
32842,"1",1696005412406,"Level 0: 0cm","2026-01-11T15:34:00.278228Z","2023-09-29","accaf5b81023edd9a39a29c0b89d70c8",40.691879,-73.792489,604222325419671551,212855,"/data/local-files/?d=/share/ju/nexar_data/2023/2023-09-29/604222325419671551/frames/accaf5b81023edd9a39a29c0b89d70c8.jpg",280312,3.372,"tired_red_monkey","2026-01-11T15:34:00.278250Z"
32843,"1",1696004671387,"Level 0: 0cm","2026-01-11T15:34:11.341267Z","2023-09-29","9f5d8db076c16650e7967ce63975062a",40.702904,-73.946723,604222325151236095,212856,"/data/local-files/?d=/share/ju/nexar_data/2023/2023-09-29/604222325151236095/frames/9f5d8db076c16650e7967ce63975062a.jpg",675058,10.78,"mean_flying_fish","2026-01-11T15:34:11.341288Z"
32844,"1",1696000952892,"Level 0: 0cm","2026-01-11T15:34:13.733033Z","2023-09-29","3a997db4550874e156f71cbaf9f70981",40.707944,-73.932398,604222325151236095,212857,"/data/local-files/?d=/share/ju/nexar_data/2023/2023-09-29/604222325151236095/frames/3a997db4550874e156f71cbaf9f70981.jpg",691768,2.11,"widely_whole_tarpon","2026-01-11T15:34:13.733053Z"
32845,"1",1695998392509,"Level 3: 41-60cm","2026-01-11T15:35:01.685605Z","2023-09-29","ae231e4c00444b291e0fedc57a637878",40.646695,-73.970073,604222353471176703,212858,"/data/local-files/?d=/share/ju/nexar_data/2023/2023-09-29/604222353471176703/frames/ae231e4c00444b291e0fedc57a637878.jpg",826897,47.629,"firmly_needed_heron","2026-01-11T15:35:01.685627Z"
32846,"1",1696005436406,"Level 0: 0cm","2026-01-11T15:35:04.386393Z","2023-09-29","bb85d7c024d251de9725f3a5c891c663",40.692514,-73.790981,604222325419671551,212859,"/data/local-files/?d=/share/ju/nexar_data/2023/2023-09-29/604222325419671551/frames/bb85d7c024d251de9725f3a5c891c663.jpg",269497,2.38,"truly_pretty_calf","2026-01-11T15:35:04.386414Z"
32847,"1",1696004300830,"Level 0: 0cm","2026-01-11T15:35:06.646238Z","2023-09-29","446142a542fc48647d717bafee2846aa",40.692287,-73.781666,604222325419671551,212860,"/data/local-files/?d=/share/ju/nexar_data/2023/2023-09-29/604222325419671551/frames/446142a542fc48647d717bafee2846aa.jpg",248394,1.986,"evenly_cute_tomcat","2026-01-11T15:35:06.646260Z"
32848,"1",1696024271743,"Level 0: 0cm","2026-01-11T15:35:08.988416Z","2023-09-29","4d2fc9552295c8dab1c63c6c1aa41719",40.700867,-73.951227,604222325151236095,212861,"/data/local-files/?d=/share/ju/nexar_data/2023/2023-09-29/604222325151236095/frames/4d2fc9552295c8dab1c63c6c1aa41719.jpg",712863,2.042,"clearly_bored_turtle","2026-01-11T15:35:08.988437Z"
32849,"1",1696014013970,"Level 0: 0cm","2026-01-11T15:35:11.182149Z","2023-09-29","1e589305771eec8b757ea1e8476193b0",40.697435,-73.794557,604222325419671551,212862,"/data/local-files/?d=/share/ju/nexar_data/2023/2023-09-29/604222325419671551/frames/1e589305771eec8b757ea1e8476193b0.jpg",237843,1.914,"mildly_loving_doe","2026-01-11T15:35:11.182170Z"
32850,"1",1695994683179,"Level 0: 0cm","2026-01-11T15:35:13.304143Z","2023-09-29","3b0fe1369ec7ff1bd142fd5063bf7ff1",40.697497,-73.794603,604222325419671551,212863,"/data/local-files/?d=/share/ju/nexar_data/2023/2023-09-29/604222325419671551/frames/3b0fe1369ec7ff1bd142fd5063bf7ff1.jpg",237914,1.271,"mildly_loving_doe","2026-01-11T15:35:13.304165Z"
32851,"1",1696021944750,"Level 0: 0cm","2026-01-11T15:35:15.247392Z","2023-09-29","f682d266202e67c3bbb1ae32a9873c45",40.675977,-73.983929,604222353471176703,212864,"/data/local-files/?d=/share/ju/nexar_data/2023/2023-09-29/604222353471176703/frames/f682d266202e67c3bbb1ae32a9873c45.jpg",820984,1.644,"daily_gentle_beetle","2026-01-11T15:35:15.247412Z"
32852,"1",1696006501948,"Level 0: 0cm","2026-01-11T15:35:19.166905Z","2023-09-29","23c1e524233f2768850d261efc4a0c90",40.701448,-73.922988,604222325151236095,212865,"/data/local-files/?d=/share/ju/nexar_data/2023/2023-09-29/604222325151236095/frames/23c1e524233f2768850d261efc4a0c90.jpg",647458,3.624,"early_calm_ghoul","2026-01-11T15:35:19.166930Z"
32853,"1",1696017965774,"Level 0: 0cm","2026-01-11T15:35:21.371258Z","2023-09-29","54698557aed547c4dd300b70c05de201",40.702812,-73.946865,604222325151236095,212866,"/data/local-files/?d=/share/ju/nexar_data/2023/2023-09-29/604222325151236095/frames/54698557aed547c4dd300b70c05de201.jpg",675026,1.884,"mean_flying_fish","2026-01-11T15:35:21.371279Z"
32854,"1",1695989968326,"Level 0: 0cm","2026-01-11T15:35:25.548030Z","2023-09-29","53dabcd9ff15580fba5677f359980411",40.69929,-73.960663,604222325151236095,212867,"/data/local-files/?d=/share/ju/nexar_data/2023/2023-09-29/604222325151236095/frames/53dabcd9ff15580fba5677f359980411.jpg",668639,3.896,"light_maroon_penguin","2026-01-11T15:35:25.548043Z"
32855,"1",1696024270441,"Level 0: 0cm","2026-01-11T15:35:27.266910Z","2023-09-29","33e2027179bcaf241f6bc5d963e684ed",40.699417,-73.958992,604222325151236095,212868,"/data/local-files/?d=/share/ju/nexar_data/2023/2023-09-29/604222325151236095/frames/33e2027179bcaf241f6bc5d963e684ed.jpg",696288,1.432,"total_melt_deer","2026-01-11T15:35:27.266931Z"
32856,"1",1696012686523,"Level 0: 0cm","2026-01-11T15:35:28.638734Z","2023-09-29","d29f501ef8c20915f19fbb8c563ce2e3",40.673324,-73.994877,604222353471176703,212869,"/data/local-files/?d=/share/ju/nexar_data/2023/2023-09-29/604222353471176703/frames/d29f501ef8c20915f19fbb8c563ce2e3.jpg",848288,1.067,"overly_heroic_squid","2026-01-11T15:35:28.638746Z"
32857,"1",1695994818539,"Level 0: 0cm","2026-01-11T15:35:31.655649Z","2023-09-29","7628112ee896573029696d70ce1968d1",40.707978,-73.932413,604222325151236095,212870,"/data/local-files/?d=/share/ju/nexar_data/2023/2023-09-29/604222325151236095/frames/7628112ee896573029696d70ce1968d1.jpg",691795,2.736,"widely_whole_tarpon","2026-01-11T15:35:31.655675Z"
32858,"1",1696003422832,"Level 0: 0cm","2026-01-11T15:35:33.077990Z","2023-09-29","dfbd27758b66787c029456394763b103",40.707733,-73.932394,604222325151236095,212871,"/data/local-files/?d=/share/ju/nexar_data/2023/2023-09-29/604222325151236095/frames/dfbd27758b66787c029456394763b103.jpg",691763,1.002,"widely_whole_tarpon","2026-01-11T15:35:33.078002Z"
32859,"1",1696030504165,"Level 0: 0cm","2026-01-11T15:35:34.516377Z","2023-09-29","9aaa99772c77e3a13dc926723d77438b",40.74572,-73.814387,604222325285453823,212872,"/data/local-files/?d=/share/ju/nexar_data/2023/2023-09-29/604222325285453823/frames/9aaa99772c77e3a13dc926723d77438b.jpg",80999,1.159,"nearly_tidy_weasel","2026-01-11T15:35:34.516390Z"
32860,"1",1695987490963,"Level 0: 0cm","2026-01-11T15:35:37.154678Z","2023-09-29","42f7150f0ae29b27287aafe30dc251f2",40.702894,-73.946738,604222325151236095,212873,"/data/local-files/?d=/share/ju/nexar_data/2023/2023-09-29/604222325151236095/frames/42f7150f0ae29b27287aafe30dc251f2.jpg",675082,2.362,"mean_flying_fish","2026-01-11T15:35:37.154725Z"
32861,"1",1696004417294,"Level 0: 0cm","2026-01-11T15:35:41.372043Z","2023-09-29","186f6c6c15f9eecfd02588c59bbf332d",40.707893,-73.932377,604222325151236095,212874,"/data/local-files/?d=/share/ju/nexar_data/2023/2023-09-29/604222325151236095/frames/186f6c6c15f9eecfd02588c59bbf332d.jpg",691762,3.906,"widely_whole_tarpon","2026-01-11T15:35:41.372055Z"
32862,"1",1695996140271,"Level 0: 0cm","2026-01-11T15:35:43.317998Z","2023-09-29","8a6da799c52aa16466540c848ee5ae93",40.676209,-73.983952,604222353471176703,212875,"/data/local-files/?d=/share/ju/nexar_data/2023/2023-09-29/604222353471176703/frames/8a6da799c52aa16466540c848ee5ae93.jpg",821048,1.661,"weekly_poetic_guinea","2026-01-11T15:35:43.318020Z"
32863,"1",1696001559172,"Level 0: 0cm","2026-01-11T15:35:46.912585Z","2023-09-29","d74a1c3112d354ea9417fdbfcfbcea9f",40.697312,-73.794465,604222325419671551,212876,"/data/local-files/?d=/share/ju/nexar_data/2023/2023-09-29/604222325419671551/frames/d74a1c3112d354ea9417fdbfcfbcea9f.jpg",237898,3.295,"mildly_loving_doe","2026-01-11T15:35:46.912607Z"
32864,"1",1696004743164,"Level 0: 0cm","2026-01-11T15:35:48.338886Z","2023-09-29","4ca10cefa61e24dc8c14e6ff4dba7b38",40.679632,-74.012398,604222352263217151,212877,"/data/local-files/?d=/share/ju/nexar_data/2023/2023-09-29/604222352263217151/frames/4ca10cefa61e24dc8c14e6ff4dba7b38.jpg",802920,1.134,"gladly_mint_snail","2026-01-11T15:35:48.338899Z"
32865,"1",1695998167551,"Level 0: 0cm","2026-01-11T15:35:49.955365Z","2023-09-29","8382570db7f4a1f6e1eddf98644494c7",40.64106,-73.959291,604222353202741247,212878,"/data/local-files/?d=/share/ju/nexar_data/2023/2023-09-29/604222353202741247/frames/8382570db7f4a1f6e1eddf98644494c7.jpg",731127,1.331,"wholly_fast_colt","2026-01-11T15:35:49.955385Z"
32866,"1",1696010452830,"Level 0: 0cm","2026-01-11T15:35:53.148812Z","2023-09-29","06f201e3a69380ec3c01894e125a0a82",40.701668,-73.948634,604222325151236095,212879,"/data/local-files/?d=/share/ju/nexar_data/2023/2023-09-29/604222325151236095/frames/06f201e3a69380ec3c01894e125a0a82.jpg",676380,2.884,"simply_half_monkey","2026-01-11T15:35:53.148829Z"
32867,"1",1696017223569,"Level 0: 0cm","2026-01-11T15:35:55.105321Z","2023-09-29","38d3fd42026c40c388a9a2a709164d79",40.809823,-73.948272,604222323809058815,212880,"/data/local-files/?d=/share/ju/nexar_data/2023/2023-09-29/604222323809058815/frames/38d3fd42026c40c388a9a2a709164d79.jpg",351386,1.465,"easily_cosmic_slug","2026-01-11T15:35:55.105339Z"
32868,"1",1696019538488,"Level 0: 0cm","2026-01-11T15:35:57.686198Z","2023-09-29","3613f4b2b22ebb8fa4bbbc7e328dda34",40.700844,-73.954491,604222325151236095,212881,"/data/local-files/?d=/share/ju/nexar_data/2023/2023-09-29/604222325151236095/frames/3613f4b2b22ebb8fa4bbbc7e328dda34.jpg",653826,1.993,"blue_eyed_tiger","2026-01-11T15:35:57.686215Z"
32869,"1",1696008929886,"Level 0: 0cm","2026-01-11T15:36:21.386876Z","2023-09-29","8fa32eb51d7d774ab58dcf8c3d68e7c8",40.700906,-73.954561,604222325151236095,212882,"/data/local-files/?d=/share/ju/nexar_data/2023/2023-09-29/604222325151236095/frames/8fa32eb51d7d774ab58dcf8c3d68e7c8.jpg",653844,23.353,"blue_eyed_tiger","2026-01-11T15:36:21.386897Z"
32870,"1",1695994233801,"Level 0: 0cm","2026-01-11T15:36:23.356580Z","2023-09-29","e9b2c143e3f6657dd2fa8561ed964148",40.69194,-73.792338,604222325419671551,212883,"/data/local-files/?d=/share/ju/nexar_data/2023/2023-09-29/604222325419671551/frames/e9b2c143e3f6657dd2fa8561ed964148.jpg",280324,1.688,"tired_red_monkey","2026-01-11T15:36:23.356602Z"
32871,"1",1696016453528,"Level 0: 0cm","2026-01-11T15:36:25.478555Z","2023-09-29","4b83ed75f82a0f530e10e2a4613f7ef7",40.701437,-73.92297,604222325151236095,212884,"/data/local-files/?d=/share/ju/nexar_data/2023/2023-09-29/604222325151236095/frames/4b83ed75f82a0f530e10e2a4613f7ef7.jpg",647442,1.813,"early_calm_ghoul","2026-01-11T15:36:25.478577Z"
32872,"1",1695987774525,"Level 0: 0cm","2026-01-11T15:36:27.491641Z","2023-09-29","9a59256259cda46b240ab24af7f28205",40.734564,-73.79328,604222325419671551,212885,"/data/local-files/?d=/share/ju/nexar_data/2023/2023-09-29/604222325419671551/frames/9a59256259cda46b240ab24af7f28205.jpg",277838,1.737,"lively_wanted_louse","2026-01-11T15:36:27.491654Z"
32873,"1",1696016977996,"Level 0: 0cm","2026-01-11T15:36:30.542464Z","2023-09-29","626b275730a9dea864d54dc751481301",40.699305,-73.960692,604222325151236095,212886,"/data/local-files/?d=/share/ju/nexar_data/2023/2023-09-29/604222325151236095/frames/626b275730a9dea864d54dc751481301.jpg",668580,2.764,"light_maroon_penguin","2026-01-11T15:36:30.542486Z"
32874,"1",1696013371298,"Level 0: 0cm","2026-01-11T15:36:32.372297Z","2023-09-29","b317475bbf8927585d6185cf9b16de2b",40.701432,-73.922962,604222325151236095,212887,"/data/local-files/?d=/share/ju/nexar_data/2023/2023-09-29/604222325151236095/frames/b317475bbf8927585d6185cf9b16de2b.jpg",647445,1.537,"early_calm_ghoul","2026-01-11T15:36:32.372318Z"
32875,"1",1695987807569,"Level 1: 1-15cm","2026-01-11T15:36:40.573073Z","2023-09-29","9d3124e1bef05540fb37220d88ec75a5",40.65587,-73.828762,604222337365049343,212888,"/data/local-files/?d=/share/ju/nexar_data/2023/2023-09-29/604222337365049343/frames/9d3124e1bef05540fb37220d88ec75a5.jpg",304742,7.887,"big_pink_elephant","2026-01-11T15:36:40.573085Z"
32876,"1",1696024265440,"Level 0: 0cm","2026-01-11T15:36:42.514050Z","2023-09-29","cf878ccb402f3fec8d9e0e22b1310c1a",40.699272,-73.960629,604222325151236095,212889,"/data/local-files/?d=/share/ju/nexar_data/2023/2023-09-29/604222325151236095/frames/cf878ccb402f3fec8d9e0e22b1310c1a.jpg",668550,1.655,"light_maroon_penguin","2026-01-11T15:36:42.514071Z"
32877,"1",1696022091734,"Level 0: 0cm","2026-01-11T15:36:43.929400Z","2023-09-29","51691f007f63d6be960a4dfa3dc16430",40.710398,-73.776561,604222325419671551,212890,"/data/local-files/?d=/share/ju/nexar_data/2023/2023-09-29/604222325419671551/frames/51691f007f63d6be960a4dfa3dc16430.jpg",245050,1.124,"wholly_needed_cougar","2026-01-11T15:36:43.929413Z"
32878,"1",1696013473874,"Level 0: 0cm","2026-01-11T15:36:47.035741Z","2023-09-29","446470704d69f9e64c5bcbda431a076f",40.702917,-73.946702,604222325151236095,212891,"/data/local-files/?d=/share/ju/nexar_data/2023/2023-09-29/604222325151236095/frames/446470704d69f9e64c5bcbda431a076f.jpg",675037,2.814,"mean_flying_fish","2026-01-11T15:36:47.035753Z"
32879,"1",1695991758399,"Level 0: 0cm","2026-01-11T15:36:48.859637Z","2023-09-29","c720928e8b6ac4b96d6e88d108cc4b58",40.833682,-73.883278,604222324345929727,212892,"/data/local-files/?d=/share/ju/nexar_data/2023/2023-09-29/604222324345929727/frames/c720928e8b6ac4b96d6e88d108cc4b58.jpg",157110,1.504,"slowly_fast_sawfly","2026-01-11T15:36:48.859659Z"
32880,"1",1696014408368,"Level 0: 0cm","2026-01-11T15:36:50.582353Z","2023-09-29","7a6e15dbb722a4887a5ec60f6f0a16c7",40.641069,-73.959292,604222353202741247,212893,"/data/local-files/?d=/share/ju/nexar_data/2023/2023-09-29/604222353202741247/frames/7a6e15dbb722a4887a5ec60f6f0a16c7.jpg",731089,1.391,"wholly_fast_colt","2026-01-11T15:36:50.582374Z"
32881,"1",1696002727041,"Level 0: 0cm","2026-01-11T15:36:53.846878Z","2023-09-29","c82e9abf64056ced90ffabcb43ab5446",40.697354,-73.794497,604222325419671551,212894,"/data/local-files/?d=/share/ju/nexar_data/2023/2023-09-29/604222325419671551/frames/c82e9abf64056ced90ffabcb43ab5446.jpg",237892,2.985,"mildly_loving_doe","2026-01-11T15:36:53.846891Z"
32882,"1",1696016758938,"Level 0: 0cm","2026-01-11T15:37:00.380720Z","2023-09-29","691666b9c9561fa1ac87dbf9b063a611",40.700892,-73.951255,604222325151236095,212895,"/data/local-files/?d=/share/ju/nexar_data/2023/2023-09-29/604222325151236095/frames/691666b9c9561fa1ac87dbf9b063a611.jpg",712878,1.932,"clearly_bored_turtle","2026-01-11T15:37:00.380742Z"
32883,"1",1695967749466,"Level 0: 0cm","2026-01-11T15:37:02.985406Z","2023-09-29","b0acb43b5d0f1792580388b2cdb1f7f0",40.702775,-73.946897,604222325151236095,212896,"/data/local-files/?d=/share/ju/nexar_data/2023/2023-09-29/604222325151236095/frames/b0acb43b5d0f1792580388b2cdb1f7f0.jpg",675084,2.31,"mean_flying_fish","2026-01-11T15:37:02.985427Z"
32884,"1",1696003611591,"Level 0: 0cm","2026-01-11T15:37:05.330702Z","2023-09-29","6993fac6a927d84a1e0e88e6741b07a0",40.676181,-73.983973,604222353471176703,212897,"/data/local-files/?d=/share/ju/nexar_data/2023/2023-09-29/604222353471176703/frames/6993fac6a927d84a1e0e88e6741b07a0.jpg",821035,2.044,"weekly_poetic_guinea","2026-01-11T15:37:05.330716Z"
32885,"1",1696017468619,"Level 0: 0cm","2026-01-11T15:37:07.384908Z","2023-09-29","cd6b2824037c2b71f2b47a7dd9529d7e",40.707949,-73.9324,604222325151236095,212898,"/data/local-files/?d=/share/ju/nexar_data/2023/2023-09-29/604222325151236095/frames/cd6b2824037c2b71f2b47a7dd9529d7e.jpg",691727,1.759,"widely_whole_tarpon","2026-01-11T15:37:07.384921Z"
32886,"1",1696014112126,"Level 0: 0cm","2026-01-11T15:37:09.348037Z","2023-09-29","178bf428b75aea836e53a8cdb48c4031",40.833629,-73.883322,604222324345929727,212899,"/data/local-files/?d=/share/ju/nexar_data/2023/2023-09-29/604222324345929727/frames/178bf428b75aea836e53a8cdb48c4031.jpg",157066,1.676,"slowly_fast_sawfly","2026-01-11T15:37:09.348059Z"
32887,"1",1696019035434,"Level 0: 0cm","2026-01-11T15:37:14.337429Z","2023-09-29","e652b115167a22650a937b25350294b4",40.676256,-73.983918,604222353471176703,212900,"/data/local-files/?d=/share/ju/nexar_data/2023/2023-09-29/604222353471176703/frames/e652b115167a22650a937b25350294b4.jpg",821004,4.644,"weekly_poetic_guinea","2026-01-11T15:37:14.337460Z"
32888,"1",1696013704435,"Level 0: 0cm","2026-01-11T15:37:16.695318Z","2023-09-29","8801daf91ef084b0e91ad0aa77e6935b",40.646708,-73.97004,604222353471176703,212901,"/data/local-files/?d=/share/ju/nexar_data/2023/2023-09-29/604222353471176703/frames/8801daf91ef084b0e91ad0aa77e6935b.jpg",826833,1.95,"firmly_needed_heron","2026-01-11T15:37:16.695339Z"
32889,"1",1696011349822,"Level 0: 0cm","2026-01-11T15:37:18.840801Z","2023-09-29","1c76174b4400d20d236dd8c16a8a7019",40.699223,-73.960542,604222325151236095,212902,"/data/local-files/?d=/share/ju/nexar_data/2023/2023-09-29/604222325151236095/frames/1c76174b4400d20d236dd8c16a8a7019.jpg",668592,1.86,"light_maroon_penguin","2026-01-11T15:37:18.840815Z"
32890,"1",1696015826466,"Level 0: 0cm","2026-01-11T15:37:20.799481Z","2023-09-29","39fd0547278dbcfd63a284d8649368b6",40.676285,-73.984248,604222353471176703,212903,"/data/local-files/?d=/share/ju/nexar_data/2023/2023-09-29/604222353471176703/frames/39fd0547278dbcfd63a284d8649368b6.jpg",821013,1.688,"weekly_poetic_guinea","2026-01-11T15:37:20.799501Z"
32891,"1",1696010623049,"Level 0: 0cm","2026-01-11T15:37:22.929038Z","2023-09-29","23d42d85217318f641d98038bf5c5119",40.701481,-73.948622,604222325151236095,212904,"/data/local-files/?d=/share/ju/nexar_data/2023/2023-09-29/604222325151236095/frames/23d42d85217318f641d98038bf5c5119.jpg",681782,1.826,"simply_half_monkey","2026-01-11T15:37:22.929050Z"
32892,"1",1695999280859,"Level 0: 0cm","2026-01-11T15:37:24.313218Z","2023-09-29","b5c4cab24bdf21681c765df8b3922f4b",40.673287,-74.008342,604222353471176703,212905,"/data/local-files/?d=/share/ju/nexar_data/2023/2023-09-29/604222353471176703/frames/b5c4cab24bdf21681c765df8b3922f4b.jpg",827771,1.064,"vastly_saving_whale","2026-01-11T15:37:24.313239Z"
32893,"1",1696015796070,"Level 0: 0cm","2026-01-11T15:37:25.551044Z","2023-09-29","19484aa69a649494ac275eb837c635b5",40.673321,-73.99487,604222353471176703,212906,"/data/local-files/?d=/share/ju/nexar_data/2023/2023-09-29/604222353471176703/frames/19484aa69a649494ac275eb837c635b5.jpg",848254,0.946,"overly_heroic_squid","2026-01-11T15:37:25.551065Z"
32894,"1",1696013857727,"Level 0: 0cm","2026-01-11T15:37:26.834370Z","2023-09-29","e58df1988867e8673465443414fb1610",40.695737,-73.78831,604222325419671551,212907,"/data/local-files/?d=/share/ju/nexar_data/2023/2023-09-29/604222325419671551/frames/e58df1988867e8673465443414fb1610.jpg",271558,1.019,"gladly_pretty_magpie","2026-01-11T15:37:26.834391Z"
32895,"1",1696021468166,"Level 0: 0cm","2026-01-11T15:37:28.144320Z","2023-09-29","99221d2e1ae598e8686369ecb3f60b9a",40.676292,-73.984265,604222353471176703,212908,"/data/local-files/?d=/share/ju/nexar_data/2023/2023-09-29/604222353471176703/frames/99221d2e1ae598e8686369ecb3f60b9a.jpg",820988,0.965,"weekly_poetic_guinea","2026-01-11T15:37:28.144341Z"
32896,"1",1695995877123,"Level 0: 0cm","2026-01-11T15:37:29.372422Z","2023-09-29","ba3e84a003c0de7234f155c5cc46903b",40.695309,-73.793993,604222325419671551,212909,"/data/local-files/?d=/share/ju/nexar_data/2023/2023-09-29/604222325419671551/frames/ba3e84a003c0de7234f155c5cc46903b.jpg",256933,0.915,"weekly_exact_condor","2026-01-11T15:37:29.372443Z"
32897,"1",1696005059028,"Level 1: 1-15cm","2026-01-11T15:37:38.210766Z","2023-09-29","083a6dd2e8a71bd706a0255b33211831",40.701578,-73.94873,604222325151236095,212910,"/data/local-files/?d=/share/ju/nexar_data/2023/2023-09-29/604222325151236095/frames/083a6dd2e8a71bd706a0255b33211831.jpg",681801,8.558,"simply_half_monkey","2026-01-11T15:37:38.210787Z"
32898,"1",1696009266366,"Level 0: 0cm","2026-01-11T15:37:39.652421Z","2023-09-29","82c07fb95d8557e8dff64c169ef1a994",40.675801,-73.984073,604222353471176703,212911,"/data/local-files/?d=/share/ju/nexar_data/2023/2023-09-29/604222353471176703/frames/82c07fb95d8557e8dff64c169ef1a994.jpg",821025,1.153,"daily_gentle_beetle","2026-01-11T15:37:39.652433Z"
32899,"1",1696015796176,"Level 1: 1-15cm","2026-01-11T15:37:46.950591Z","2023-09-29","3bd9e40f0e4e6a7ce570879a72fa8d5f",40.657313,-73.745027,604222337096613887,212912,"/data/local-files/?d=/share/ju/nexar_data/2023/2023-09-29/604222337096613887/frames/3bd9e40f0e4e6a7ce570879a72fa8d5f.jpg",284900,6.682,"vastly_select_guinea","2026-01-11T15:37:46.950612Z"
32900,"1",1696008238077,"Level 0: 0cm","2026-01-11T15:37:48.510891Z","2023-09-29","a10f4f90973f778e54ab8b7b721d3a55",40.809818,-73.948259,604222323809058815,212913,"/data/local-files/?d=/share/ju/nexar_data/2023/2023-09-29/604222323809058815/frames/a10f4f90973f778e54ab8b7b721d3a55.jpg",351410,1.255,"easily_cosmic_slug","2026-01-11T15:37:48.510911Z"
32901,"1",1695998510248,"Level 0: 0cm","2026-01-11T15:37:49.905139Z","2023-09-29","f412a685f1b302d8cee6f78ed2253587",40.809762,-73.948127,604222323809058815,212914,"/data/local-files/?d=/share/ju/nexar_data/2023/2023-09-29/604222323809058815/frames/f412a685f1b302d8cee6f78ed2253587.jpg",351440,1.059,"easily_cosmic_slug","2026-01-11T15:37:49.905171Z"
32902,"1",1696018233774,"Level 0: 0cm","2026-01-11T15:37:51.705677Z","2023-09-29","b04a1510bb66b4f621cfb9f61c37cd55",40.701621,-73.948707,604222325151236095,212915,"/data/local-files/?d=/share/ju/nexar_data/2023/2023-09-29/604222325151236095/frames/b04a1510bb66b4f621cfb9f61c37cd55.jpg",681768,1.49,"simply_half_monkey","2026-01-11T15:37:51.705698Z"
32903,"1",1696014717057,"Level 0: 0cm","2026-01-11T15:37:53.159690Z","2023-09-29","2bde3c4be3d7e5a5e2403daec4be7c56",40.701613,-73.948718,604222325151236095,212916,"/data/local-files/?d=/share/ju/nexar_data/2023/2023-09-29/604222325151236095/frames/2bde3c4be3d7e5a5e2403daec4be7c56.jpg",681779,1.16,"simply_half_monkey","2026-01-11T15:37:53.159703Z"
32904,"1",1696022971409,"Level 0: 0cm","2026-01-11T15:37:54.553229Z","2023-09-29","bf5239b3bde2e4f739dfcd9e79412d8d",40.701676,-73.948621,604222325151236095,212917,"/data/local-files/?d=/share/ju/nexar_data/2023/2023-09-29/604222325151236095/frames/bf5239b3bde2e4f739dfcd9e79412d8d.jpg",676283,1.092,"simply_half_monkey","2026-01-11T15:37:54.553251Z"
32905,"1",1696015862853,"Level 0: 0cm","2026-01-11T15:37:55.895625Z","2023-09-29","53ec8ea170f182e0b946b381ce2937ca",40.691864,-73.792527,604222325419671551,212918,"/data/local-files/?d=/share/ju/nexar_data/2023/2023-09-29/604222325419671551/frames/53ec8ea170f182e0b946b381ce2937ca.jpg",280302,1.053,"tired_red_monkey","2026-01-11T15:37:55.895643Z"
32906,"1",1696023067020,"Level 0: 0cm","2026-01-11T15:37:57.393004Z","2023-09-29","27d13d6e0429a382882c3b63ffef87dc",40.699294,-73.96067,604222325151236095,212919,"/data/local-files/?d=/share/ju/nexar_data/2023/2023-09-29/604222325151236095/frames/27d13d6e0429a382882c3b63ffef87dc.jpg",668558,1.216,"light_maroon_penguin","2026-01-11T15:37:57.393025Z"
32907,"1",1696003772587,"Level 0: 0cm","2026-01-11T15:37:59.557687Z","2023-09-29","2748d7f63ad54c4280d2f9365edb2a07",40.699234,-73.949981,604222325151236095,212920,"/data/local-files/?d=/share/ju/nexar_data/2023/2023-09-29/604222325151236095/frames/2748d7f63ad54c4280d2f9365edb2a07.jpg",693163,1.88,"closed_wagon_snail","2026-01-11T15:37:59.557707Z"
32908,"1",1696008008376,"Level 0: 0cm","2026-01-11T15:38:03.981131Z","2023-09-29","97a57cf990665c938d847870306a513b",40.833589,-73.883356,604222324345929727,212921,"/data/local-files/?d=/share/ju/nexar_data/2023/2023-09-29/604222324345929727/frames/97a57cf990665c938d847870306a513b.jpg",157078,4.148,"slowly_fast_sawfly","2026-01-11T15:38:03.981147Z"
32909,"1",1696024492290,"Level 0: 0cm","2026-01-11T15:38:05.388712Z","2023-09-29","8c92a379cb7bd8a944d352ff532d063f",40.700816,-73.95446,604222325151236095,212922,"/data/local-files/?d=/share/ju/nexar_data/2023/2023-09-29/604222325151236095/frames/8c92a379cb7bd8a944d352ff532d063f.jpg",653814,1.094,"blue_eyed_tiger","2026-01-11T15:38:05.388725Z"
32910,"1",1695993925439,"Level 1: 1-15cm","2026-01-11T15:38:28.819179Z","2023-09-29","fb27107940c814bd188c11ae1856f344",40.67589,-73.984,604222353471176703,212923,"/data/local-files/?d=/share/ju/nexar_data/2023/2023-09-29/604222353471176703/frames/fb27107940c814bd188c11ae1856f344.jpg",821054,9.675,"daily_gentle_beetle","2026-01-11T15:38:28.819200Z"
32911,"1",1695995115333,"Level 0: 0cm","2026-01-11T15:38:31.286452Z","2023-09-29","bb317199dfc6346a7e231d24828e61bb",40.711089,-73.777941,604222325419671551,212924,"/data/local-files/?d=/share/ju/nexar_data/2023/2023-09-29/604222325419671551/frames/bb317199dfc6346a7e231d24828e61bb.jpg",262144,2.106,"yearly_frank_mullet","2026-01-11T15:38:31.286465Z"
32912,"1",1695983267527,"Level 0: 0cm","2026-01-11T15:38:33.442657Z","2023-09-29","c0557fb084fc611de69983500f2fd6aa",40.69732,-73.794471,604222325419671551,212925,"/data/local-files/?d=/share/ju/nexar_data/2023/2023-09-29/604222325419671551/frames/c0557fb084fc611de69983500f2fd6aa.jpg",237946,1.851,"mildly_loving_doe","2026-01-11T15:38:33.442670Z"
32913,"1",1696013372298,"Level 0: 0cm","2026-01-11T15:38:35.149589Z","2023-09-29","fd583987e965c88fa969957bd439ac47",40.70146,-73.92301,604222325151236095,212926,"/data/local-files/?d=/share/ju/nexar_data/2023/2023-09-29/604222325151236095/frames/fd583987e965c88fa969957bd439ac47.jpg",647444,1.418,"early_calm_ghoul","2026-01-11T15:38:35.149611Z"
32914,"1",1696014916893,"Level 0: 0cm","2026-01-11T15:38:39.381356Z","2023-09-29","d1c92ceff921c157012f0868d565182c",40.691953,-73.792309,604222325419671551,212927,"/data/local-files/?d=/share/ju/nexar_data/2023/2023-09-29/604222325419671551/frames/d1c92ceff921c157012f0868d565182c.jpg",280305,1.654,"tired_red_monkey","2026-01-11T15:38:39.381379Z"
32915,"1",1696017789056,"Level 0: 0cm","2026-01-11T15:38:42.269181Z","2023-09-29","784ed3b99d85d06b3a6a6ae0841e7ded",40.700819,-73.954456,604222325151236095,212928,"/data/local-files/?d=/share/ju/nexar_data/2023/2023-09-29/604222325151236095/frames/784ed3b99d85d06b3a6a6ae0841e7ded.jpg",653833,2.583,"blue_eyed_tiger","2026-01-11T15:38:42.269202Z"
32916,"1",1696020484067,"Level 0: 0cm","2026-01-11T15:38:43.818584Z","2023-09-29","38521b64f54379ef9dbfc8448976a667",40.692375,-73.781545,604222325419671551,212929,"/data/local-files/?d=/share/ju/nexar_data/2023/2023-09-29/604222325419671551/frames/38521b64f54379ef9dbfc8448976a667.jpg",248381,1.266,"evenly_cute_tomcat","2026-01-11T15:38:43.818604Z"
32917,"1",1696022603657,"Level 0: 0cm","2026-01-11T15:38:45.846531Z","2023-09-29","648e8da2a93d61d324f859785e3b730b",40.828348,-73.882132,604222324345929727,212930,"/data/local-files/?d=/share/ju/nexar_data/2023/2023-09-29/604222324345929727/frames/648e8da2a93d61d324f859785e3b730b.jpg",155722,1.746,"weekly_fair_dove","2026-01-11T15:38:45.846562Z"
32918,"1",1695995105700,"Level 0: 0cm","2026-01-11T15:38:55.478747Z","2023-09-29","1fa0d4255444a089c32f55303935cc7a",40.707809,-73.932341,604222325151236095,212931,"/data/local-files/?d=/share/ju/nexar_data/2023/2023-09-29/604222325151236095/frames/1fa0d4255444a089c32f55303935cc7a.jpg",691793,9.314,"widely_whole_tarpon","2026-01-11T15:38:55.478768Z"
32919,"1",1695993826583,"Level 1: 1-15cm","2026-01-11T15:39:01.388271Z","2023-09-29","8e70c90cbde5b73b2789441989207ab9",40.652487,-73.746541,604222337365049343,212932,"/data/local-files/?d=/share/ju/nexar_data/2023/2023-09-29/604222337365049343/frames/8e70c90cbde5b73b2789441989207ab9.jpg",288632,5.597,"mind_deal_ensure","2026-01-11T15:39:01.388292Z"
32920,"1",1695987704962,"Level 0: 0cm","2026-01-11T15:39:02.870783Z","2023-09-29","e124848c81e07be93046a7efdf5e038b",40.701569,-73.94872,604222325151236095,212933,"/data/local-files/?d=/share/ju/nexar_data/2023/2023-09-29/604222325151236095/frames/e124848c81e07be93046a7efdf5e038b.jpg",681820,1.136,"simply_half_monkey","2026-01-11T15:39:02.870805Z"
32921,"1",1696024215713,"Level 0: 0cm","2026-01-11T15:39:08.345620Z","2023-09-29","7cb5a8324077e4b069d0a69fd6e7712f",40.679717,-74.012253,604222352263217151,212934,"/data/local-files/?d=/share/ju/nexar_data/2023/2023-09-29/604222352263217151/frames/7cb5a8324077e4b069d0a69fd6e7712f.jpg",802907,5.195,"gladly_mint_snail","2026-01-11T15:39:08.345636Z"
32922,"1",1695990848093,"Level 0: 0cm","2026-01-11T15:39:30.076458Z","2023-09-29","e378eb9f5736a3b0b669885dc8521877",40.811196,-73.954137,604222323809058815,212936,"/data/local-files/?d=/share/ju/nexar_data/2023/2023-09-29/604222323809058815/frames/e378eb9f5736a3b0b669885dc8521877.jpg",351678,5.924,"duly_star_bee","2026-01-11T15:39:30.076472Z"
32924,"1",1696017708638,"Level 0: 0cm","2026-01-11T15:39:41.186445Z","2023-09-29","ac841787bea1f028e9c301a13ffa067c",40.646658,-73.970168,604222353471176703,212937,"/data/local-files/?d=/share/ju/nexar_data/2023/2023-09-29/604222353471176703/frames/ac841787bea1f028e9c301a13ffa067c.jpg",849553,3.188,"firmly_needed_heron","2026-01-11T15:39:41.186514Z"
32925,"1",1696017002837,"Level 0: 0cm","2026-01-11T15:39:42.317434Z","2023-09-29","7a1d820c5e08557f305a906e6d559d21",40.673314,-73.994856,604222353471176703,212938,"/data/local-files/?d=/share/ju/nexar_data/2023/2023-09-29/604222353471176703/frames/7a1d820c5e08557f305a906e6d559d21.jpg",848232,0.846,"overly_heroic_squid","2026-01-11T15:39:42.317456Z"
32926,"1",1695987874569,"Level 0: 0cm","2026-01-11T15:39:44.303784Z","2023-09-29","4fdc1ff9aeecd60a94e9921d8eb667cd",40.658737,-73.831107,604222337365049343,212939,"/data/local-files/?d=/share/ju/nexar_data/2023/2023-09-29/604222337365049343/frames/4fdc1ff9aeecd60a94e9921d8eb667cd.jpg",324649,1.712,"unified_angry_donkey","2026-01-11T15:39:44.303805Z"
32927,"1",1696007602330,"Level 0: 0cm","2026-01-11T15:39:45.549606Z","2023-09-29","2018be62bff302c0c4436a7dfb3d6792",40.701521,-73.948667,604222325151236095,212940,"/data/local-files/?d=/share/ju/nexar_data/2023/2023-09-29/604222325151236095/frames/2018be62bff302c0c4436a7dfb3d6792.jpg",681790,0.938,"simply_half_monkey","2026-01-11T15:39:45.549627Z"
32928,"1",1695999259639,"Level 0: 0cm","2026-01-11T15:39:47.713724Z","2023-09-29","f22ad69d1c816589ab808461b1945de5",40.69259,-73.790808,604222325419671551,212941,"/data/local-files/?d=/share/ju/nexar_data/2023/2023-09-29/604222325419671551/frames/f22ad69d1c816589ab808461b1945de5.jpg",269518,1.873,"truly_pretty_calf","2026-01-11T15:39:47.713745Z"
32929,"1",1696024264440,"Level 0: 0cm","2026-01-11T15:39:49.051418Z","2023-09-29","2beb4f52ef6ee52fa3114ea8b9e7d382",40.699244,-73.960577,604222325151236095,212942,"/data/local-files/?d=/share/ju/nexar_data/2023/2023-09-29/604222325151236095/frames/2beb4f52ef6ee52fa3114ea8b9e7d382.jpg",668551,1.062,"light_maroon_penguin","2026-01-11T15:39:49.051439Z"
32930,"1",1695998864276,"Level 1: 1-15cm","2026-01-11T15:39:55.385509Z","2023-09-29","789bc5e59e577dbdf08c74a453648fef",40.679636,-74.012393,604222352263217151,212943,"/data/local-files/?d=/share/ju/nexar_data/2023/2023-09-29/604222352263217151/frames/789bc5e59e577dbdf08c74a453648fef.jpg",802932,6.036,"gladly_mint_snail","2026-01-11T15:39:55.385537Z"
32931,"1",1696000237345,"Level 0: 0cm","2026-01-11T15:39:58.856635Z","2023-09-29","095b94f6d86b649de99e4c606fad8586",40.699333,-73.960744,604222325151236095,212944,"/data/local-files/?d=/share/ju/nexar_data/2023/2023-09-29/604222325151236095/frames/095b94f6d86b649de99e4c606fad8586.jpg",668617,3.132,"light_maroon_penguin","2026-01-11T15:39:58.856656Z"
32932,"1",1695990122318,"Level 0: 0cm","2026-01-11T15:40:00.938042Z","2023-09-29","68d294ec1f434410bf188ef9ad375cc8",40.833636,-73.883316,604222324345929727,212945,"/data/local-files/?d=/share/ju/nexar_data/2023/2023-09-29/604222324345929727/frames/68d294ec1f434410bf188ef9ad375cc8.jpg",157112,1.783,"slowly_fast_sawfly","2026-01-11T15:40:00.938064Z"
32933,"1",1696006844007,"Level 0: 0cm","2026-01-11T15:40:04.119691Z","2023-09-29","42a422d99620de6895371b442803c6ae",40.82836,-73.881929,604222324345929727,212946,"/data/local-files/?d=/share/ju/nexar_data/2023/2023-09-29/604222324345929727/frames/42a422d99620de6895371b442803c6ae.jpg",155729,2.894,"weekly_fair_dove","2026-01-11T15:40:04.119712Z"
32934,"1",1696022583713,"Level 1: 1-15cm","2026-01-11T15:40:06.669511Z","2023-09-29","e740e1029f6b3100c235825740a2e7a6",40.646625,-73.970252,604222353471176703,212947,"/data/local-files/?d=/share/ju/nexar_data/2023/2023-09-29/604222353471176703/frames/e740e1029f6b3100c235825740a2e7a6.jpg",849535,2.243,"firmly_needed_heron","2026-01-11T15:40:06.669531Z"
32935,"1",1695999123291,"Level 1: 1-15cm","2026-01-11T15:40:14.336253Z","2023-09-29","2217d84ae62278b656f1875eebc3f641",40.695555,-73.788404,604222325419671551,212948,"/data/local-files/?d=/share/ju/nexar_data/2023/2023-09-29/604222325419671551/frames/2217d84ae62278b656f1875eebc3f641.jpg",256447,7.37,"gladly_pretty_magpie","2026-01-11T15:40:14.336265Z"
32936,"1",1696019570561,"Level 0: 0cm","2026-01-11T15:40:16.441559Z","2023-09-29","57550cc68ac2f6b484d31324bf731d53",40.699416,-73.958997,604222325151236095,212949,"/data/local-files/?d=/share/ju/nexar_data/2023/2023-09-29/604222325151236095/frames/57550cc68ac2f6b484d31324bf731d53.jpg",696318,1.533,"total_melt_deer","2026-01-11T15:40:16.441579Z"
32937,"1",1696007768961,"Level 0: 0cm","2026-01-11T15:40:18.949166Z","2023-09-29","a2b54fed8bf0b3af974412cd19d36340",40.699285,-73.949991,604222325151236095,212950,"/data/local-files/?d=/share/ju/nexar_data/2023/2023-09-29/604222325151236095/frames/a2b54fed8bf0b3af974412cd19d36340.jpg",693159,2.181,"closed_wagon_snail","2026-01-11T15:40:18.949188Z"
32938,"1",1696015964078,"Level 0: 0cm","2026-01-11T15:40:20.823007Z","2023-09-29","06eba9ecb5f45eeb9c42a8cfd770fac5",40.707731,-73.932403,604222325151236095,212951,"/data/local-files/?d=/share/ju/nexar_data/2023/2023-09-29/604222325151236095/frames/06eba9ecb5f45eeb9c42a8cfd770fac5.jpg",691728,1.567,"widely_whole_tarpon","2026-01-11T15:40:20.823028Z"
32939,"1",1696004791954,"Level 0: 0cm","2026-01-11T15:40:23.051789Z","2023-09-29","437cc1ac6802479b711a11191871681f",40.701629,-73.948694,604222325151236095,212952,"/data/local-files/?d=/share/ju/nexar_data/2023/2023-09-29/604222325151236095/frames/437cc1ac6802479b711a11191871681f.jpg",681803,1.932,"simply_half_monkey","2026-01-11T15:40:23.051819Z"
32940,"1",1695999347329,"Level 0: 0cm","2026-01-11T15:40:25.560906Z","2023-09-29","508aac6b7315d09ad5f04bcbfc7f8365",40.699307,-73.960695,604222325151236095,212953,"/data/local-files/?d=/share/ju/nexar_data/2023/2023-09-29/604222325151236095/frames/508aac6b7315d09ad5f04bcbfc7f8365.jpg",668621,2.2,"light_maroon_penguin","2026-01-11T15:40:25.560921Z"
32941,"1",1695997364987,"Level 0: 0cm","2026-01-11T15:40:26.997223Z","2023-09-29","513bcaa6e7af626bdf18947fe538c56e",40.699587,-73.959144,604222325151236095,212954,"/data/local-files/?d=/share/ju/nexar_data/2023/2023-09-29/604222325151236095/frames/513bcaa6e7af626bdf18947fe538c56e.jpg",672745,1.161,"total_melt_deer","2026-01-11T15:40:26.997235Z"
32942,"1",1696017955774,"Level 0: 0cm","2026-01-11T15:40:28.592255Z","2023-09-29","9487176b94495868a6de0a526c68af02",40.702899,-73.94673,604222325151236095,212955,"/data/local-files/?d=/share/ju/nexar_data/2023/2023-09-29/604222325151236095/frames/9487176b94495868a6de0a526c68af02.jpg",675027,1.301,"mean_flying_fish","2026-01-11T15:40:28.592271Z"
32943,"1",1696004230162,"Level 0: 0cm","2026-01-11T15:40:29.963053Z","2023-09-29","e13d63bac73c5d327274a20065a2d467",40.693861,-73.79274,604222325419671551,212956,"/data/local-files/?d=/share/ju/nexar_data/2023/2023-09-29/604222325419671551/frames/e13d63bac73c5d327274a20065a2d467.jpg",252467,1.055,"nicely_brief_dory","2026-01-11T15:40:29.963074Z"
32944,"1",1696005319195,"Level 0: 0cm","2026-01-11T15:40:31.343833Z","2023-09-29","f0601abe0fd0d6de1f591cc3fa6fdb29",40.833688,-73.883272,604222324345929727,212957,"/data/local-files/?d=/share/ju/nexar_data/2023/2023-09-29/604222324345929727/frames/f0601abe0fd0d6de1f591cc3fa6fdb29.jpg",157084,1.077,"slowly_fast_sawfly","2026-01-11T15:40:31.343862Z"
32945,"1",1695993178582,"Level 0: 0cm","2026-01-11T15:40:32.490124Z","2023-09-29","90330d124d4fca29a567a7bc525e16eb",40.809821,-73.948266,604222323809058815,212958,"/data/local-files/?d=/share/ju/nexar_data/2023/2023-09-29/604222323809058815/frames/90330d124d4fca29a567a7bc525e16eb.jpg",351455,0.854,"easily_cosmic_slug","2026-01-11T15:40:32.490145Z"
32946,"1",1696021355932,"Level 1: 1-15cm","2026-01-11T15:40:39.129923Z","2023-09-29","a1a66132e1c7712d0a6c0fea8868fe9e",40.676653,-73.994523,604222352263217151,212959,"/data/local-files/?d=/share/ju/nexar_data/2023/2023-09-29/604222352263217151/frames/a1a66132e1c7712d0a6c0fea8868fe9e.jpg",767454,6.358,"daily_new_falcon","2026-01-11T15:40:39.129935Z"
32947,"1",1695995812474,"Level 0: 0cm","2026-01-11T15:40:41.291796Z","2023-09-29","bf219a163931e5788ad807a29cbed8af",40.811275,-73.954079,604222323809058815,212960,"/data/local-files/?d=/share/ju/nexar_data/2023/2023-09-29/604222323809058815/frames/bf219a163931e5788ad807a29cbed8af.jpg",351664,1.872,"duly_star_bee","2026-01-11T15:40:41.291817Z"
32948,"1",1696023274031,"Level 0: 0cm","2026-01-11T15:40:43.639992Z","2023-09-29","220cd0557a956769dea5dcfb2d3ff244",40.700878,-73.954529,604222325151236095,212961,"/data/local-files/?d=/share/ju/nexar_data/2023/2023-09-29/604222325151236095/frames/220cd0557a956769dea5dcfb2d3ff244.jpg",653818,2.051,"blue_eyed_tiger","2026-01-11T15:40:43.640014Z"
32949,"1",1695990709039,"Level 1: 1-15cm","2026-01-11T15:40:53.046482Z","2023-09-29","1e8c321a311ea37fc3b2302c702c275a",40.673208,-74.008379,604222353471176703,212962,"/data/local-files/?d=/share/ju/nexar_data/2023/2023-09-29/604222353471176703/frames/1e8c321a311ea37fc3b2302c702c275a.jpg",827776,9.103,"vastly_saving_whale","2026-01-11T15:40:53.046508Z"
32950,"1",1695997363987,"Level 0: 0cm","2026-01-11T15:40:55.796489Z","2023-09-29","e713e7829863828e8cd248206ece25cf",40.699587,-73.959144,604222325151236095,212963,"/data/local-files/?d=/share/ju/nexar_data/2023/2023-09-29/604222325151236095/frames/e713e7829863828e8cd248206ece25cf.jpg",672746,2.422,"total_melt_deer","2026-01-11T15:40:55.796509Z"
32951,"1",1696019589047,"Level 0: 0cm","2026-01-11T15:40:57.465425Z","2023-09-29","d9c81de7fd3195f325d6ece7eead4ab1",40.833587,-73.883359,604222324345929727,212964,"/data/local-files/?d=/share/ju/nexar_data/2023/2023-09-29/604222324345929727/frames/d9c81de7fd3195f325d6ece7eead4ab1.jpg",157048,1.387,"slowly_fast_sawfly","2026-01-11T15:40:57.465446Z"
32952,"1",1696030646165,"Level 0: 0cm","2026-01-11T15:40:58.998287Z","2023-09-29","6783016ff15b44b04d603672a3691fb5",40.745577,-73.814514,604222325285453823,212965,"/data/local-files/?d=/share/ju/nexar_data/2023/2023-09-29/604222325285453823/frames/6783016ff15b44b04d603672a3691fb5.jpg",80997,1.248,"nearly_tidy_weasel","2026-01-11T15:40:58.998308Z"
32953,"1",1696019951207,"Level 0: 0cm","2026-01-11T15:41:01.116142Z","2023-09-29","c80c6d587885d08d713bcd084258043f",40.692177,-73.781585,604222325419671551,212966,"/data/local-files/?d=/share/ju/nexar_data/2023/2023-09-29/604222325419671551/frames/c80c6d587885d08d713bcd084258043f.jpg",248386,1.853,"evenly_cute_tomcat","2026-01-11T15:41:01.116155Z"
32954,"1",1696012372495,"Level 1: 1-15cm","2026-01-11T15:41:15.435132Z","2023-09-29","b27550d3f66fe7ca98e38dc6c65590f7",40.646643,-73.970207,604222353471176703,212967,"/data/local-files/?d=/share/ju/nexar_data/2023/2023-09-29/604222353471176703/frames/b27550d3f66fe7ca98e38dc6c65590f7.jpg",849582,14.011,"firmly_needed_heron","2026-01-11T15:41:15.435153Z"
32955,"1",1696016597801,"Level 0: 0cm","2026-01-11T15:41:16.995607Z","2023-09-29","02cb0f26ba0afa10e4b01245dfed86ac",40.673309,-73.994846,604222353471176703,212968,"/data/local-files/?d=/share/ju/nexar_data/2023/2023-09-29/604222353471176703/frames/02cb0f26ba0afa10e4b01245dfed86ac.jpg",848237,1.21,"overly_heroic_squid","2026-01-11T15:41:16.995628Z"
32956,"1",1696020792441,"Level 0: 0cm","2026-01-11T15:41:18.315686Z","2023-09-29","efd004aa339584a0bef112afc54b1ea9",40.699332,-73.960742,604222325151236095,212969,"/data/local-files/?d=/share/ju/nexar_data/2023/2023-09-29/604222325151236095/frames/efd004aa339584a0bef112afc54b1ea9.jpg",668563,1.018,"light_maroon_penguin","2026-01-11T15:41:18.315707Z"
32957,"1",1696004049162,"Level 0: 0cm","2026-01-11T15:41:19.785789Z","2023-09-29","77a2dce388151f8f4c16bb6e03d04675",40.697337,-73.794484,604222325419671551,212970,"/data/local-files/?d=/share/ju/nexar_data/2023/2023-09-29/604222325419671551/frames/77a2dce388151f8f4c16bb6e03d04675.jpg",237888,1.184,"mildly_loving_doe","2026-01-11T15:41:19.785810Z"
32958,"1",1696015723176,"Level 1: 1-15cm","2026-01-11T15:41:31.205704Z","2023-09-29","971eaedf97697225decfda86dd6e828b",40.652538,-73.746352,604222337365049343,212971,"/data/local-files/?d=/share/ju/nexar_data/2023/2023-09-29/604222337365049343/frames/971eaedf97697225decfda86dd6e828b.jpg",288623,11.074,"mind_deal_ensure","2026-01-11T15:41:31.205724Z"
32959,"1",1696014133467,"Level 0: 0cm","2026-01-11T15:41:32.740066Z","2023-09-29","a8ebdd99826e11eef901c61dbef95da0",40.673339,-73.994908,604222353471176703,212972,"/data/local-files/?d=/share/ju/nexar_data/2023/2023-09-29/604222353471176703/frames/a8ebdd99826e11eef901c61dbef95da0.jpg",848269,1.218,"overly_heroic_squid","2026-01-11T15:41:32.740079Z"
32960,"1",1695967386146,"Level 0: 0cm","2026-01-11T15:41:34.066256Z","2023-09-29","88dee90d26bf5690058b0f6d1d22f607",40.700747,-73.954564,604222325151236095,212973,"/data/local-files/?d=/share/ju/nexar_data/2023/2023-09-29/604222325151236095/frames/88dee90d26bf5690058b0f6d1d22f607.jpg",653868,0.946,"blue_eyed_tiger","2026-01-11T15:41:34.066277Z"
32961,"1",1695990844278,"Level 0: 0cm","2026-01-11T15:41:35.922800Z","2023-09-29","5a69a692fdf9f9009cbcd2f26501306f",40.734506,-73.793501,604222325419671551,212974,"/data/local-files/?d=/share/ju/nexar_data/2023/2023-09-29/604222325419671551/frames/5a69a692fdf9f9009cbcd2f26501306f.jpg",280458,1.546,"lively_wanted_louse","2026-01-11T15:41:35.922821Z"
32962,"1",1695990615812,"Level 0: 0cm","2026-01-11T15:41:38.030051Z","2023-09-29","2dfe725c1ae72403bfc8c62cdb2101ce",40.697414,-73.794541,604222325419671551,212975,"/data/local-files/?d=/share/ju/nexar_data/2023/2023-09-29/604222325419671551/frames/2dfe725c1ae72403bfc8c62cdb2101ce.jpg",237928,1.791,"mildly_loving_doe","2026-01-11T15:41:38.030072Z"
